fid_1,final_yield
0,32.032959
1,42.0138206
2,42.9853592
3,48.8987389
4,52.1662483
5,56.6754494
6,50.8319206
7,55.7071686
8,56.0340385
9,59.1860809
10,55.6623917
11,53.9323196
12,57.6972809
13,47.1883507
14,50.9538383
15,60.2045784
16,59.865509
17,62.5448418
18,48.9632187
19,56.6857491
20,60.1681786
21,55.60532
22,51.2513618
23,48.1781998
24,55.100399
25,57.1726608
26,54.9956512
27,56.2387619
28,61.5336304
29,62.9151802
30,55.5444107
31,45.7058182
32,52.7778702
33,57.9235611
34,51.7141495
35,51.0004196
36,49.5639801
37,45.791481
38,49.8253098
39,57.3883896
40,53.5169106
41,54.1515312
42,50.4721298
43,52.1518784
44,52.4527206
45,50.6791801
46,43.6899796
47,47.944519
48,39.2504997
49,40.4496994
50,46.728199
51,50.1865082
52,52.1702499
53,50.8215408
54,50.6131401
55,48.4787598
56,49.4034309
57,47.4299202
58,50.5843201
59,46.2156715
60,49.9178314
61,45.314579
62,47.6179199
63,43.3066483
64,47.6040497
65,45.7623215
66,44.6065788
67,49.3362617
68,48.2637291
69,40.7975311
70,40.947319
71,45.3495102
72,48.8765907
73,46.6901894
74,48.0156288
75,50.7832298
76,53.6212616
77,51.1113205
78,52.4604301
79,52.303669
80,49.8956108
81,52.5150299
82,49.9751396
83,48.3080406
84,51.4191017
85,43.4492111
86,45.9861603
87,45.4967308
88,48.7348213
89,52.0880203
90,52.9859695
91,50.7321091
92,49.9095993
93,49.7671089
94,50.7516899
95,50.5005188
96,47.5209808
97,45.763401
98,45.3802185
99,41.9976196
100,44.9665489
101,46.1823997
102,48.61483
103,45.6776314
104,44.9957314
105,41.1614189
106,30.2252007
107,24.2011395
108,38.6137619
110,46.9654007
111,50.7393684
112,45.7138481
113,49.1185608
114,56.2660789
115,54.9989815
116,41.90345
117,60.3189507
118,51.3316307
119,47.3461189
120,47.5294418
121,42.6266899
122,48.022789
123,53.8494301
124,53.5524292
125,58.8408813
126,45.6228485
127,53.8035316
128,48.3762283
129,52.1340103
130,62.8983612
131,57.5832405
132,55.6612892
133,52.9032211
134,59.4694405
135,60.3598785
136,59.8250504
137,57.9181099
138,55.931839
139,55.1222382
140,58.5725403
141,53.734951
142,53.8487892
143,51.0905304
144,50.5713882
145,53.4731903
146,53.6329803
147,44.1827812
148,54.4261398
149,48.0693893
150,54.2648201
151,49.4295883
152,49.838501
153,49.9188919
154,45.3274117
155,47.5731583
156,37.6281204
157,51.9106216
158,51.8057594
159,53.2134819
160,52.6771812
161,50.8217697
162,44.7041206
163,48.8324089
164,47.6358299
165,47.7052193
166,45.5449104
167,51.1978912
168,43.3924904
169,46.8422203
170,46.0754204
171,41.0332184
172,44.8037109
173,46.2924614
174,50.7303696
175,45.7537003
176,47.0974617
177,40.7856407
178,41.4548683
179,42.2079391
180,46.8628502
181,50.7601013
182,56.7868614
183,53.2607613
184,51.5474586
185,50.7164001
186,45.9057617
187,50.7500381
188,49.8241692
189,52.1688385
190,52.2050896
191,53.8232307
192,49.2685089
193,46.2376785
194,45.4888611
195,48.3199883
196,49.4594383
197,51.7849884
198,53.6168213
199,50.9012794
200,54.7127495
201,48.8928299
202,47.8722687
203,49.4200783
204,47.8931885
205,44.0229301
206,45.4640312
207,45.8520012
208,41.7773819
209,45.3960991
210,44.020771
211,44.4151802
212,41.5137596
213,29.4735794
214,33.3193092
215,24.4395199
216,47.6907806
217,37.8034096
218,49.8646698
219,62.3607292
220,58.4861183
221,56.1831017
222,58.9650116
223,61.8198013
224,61.5029106
225,68.4195786
226,67.8343887
227,65.7886124
228,69.8999786
229,58.847229
230,58.6882286
231,69.5513077
232,71.0252838
233,64.7265091
234,56.5662384
235,66.5316162
236,59.4753609
237,63.085289
238,65.0816498
239,57.5735207
240,61.2188797
241,69.3807678
242,71.1176224
243,69.0317535
244,55.9429092
245,63.2996712
246,76.0262833
247,67.8877869
248,67.6806412
249,60.9109116
250,56.0727081
251,56.5948715
252,55.7218018
253,58.1334686
254,60.1978607
255,59.9021187
256,62.0160713
257,55.6707382
258,57.2198181
259,51.0676498
260,50.0436401
261,50.3576317
262,49.954361
263,54.5541916
264,55.2013397
265,55.5751915
266,54.7234802
267,58.6380806
268,58.086319
269,62.3687897
270,60.7132912
271,58.2940903
272,51.8628197
273,53.6020889
274,52.0782509
275,53.5131187
276,56.8686905
277,50.7284813
278,51.0461006
279,48.5599709
280,53.3399086
281,50.2135391
282,44.3664017
283,46.3874283
284,47.1451111
285,50.0548706
286,43.5303497
287,44.4677582
288,47.7964287
289,48.7791405
290,58.623661
291,57.2579918
292,59.3331184
293,53.9711914
294,48.1518211
295,51.455761
296,48.3640785
297,52.6669502
298,54.8063011
299,50.8916283
300,49.0058594
301,51.13451
302,51.1309891
303,53.6028099
304,56.0858994
305,57.3614998
306,59.2512703
307,55.6929893
308,55.4706612
309,53.5760689
310,52.8519592
311,48.0405006
312,52.3590813
313,46.2983704
314,45.7087784
315,51.4471207
316,48.7310982
317,44.954319
318,46.9190483
319,51.1839905
320,47.4921188
321,39.5568085
322,34.3964691
323,30.9251003
324,37.3027496
325,29.39398
326,34.6198196
327,55.7380981
328,45.5040512
329,48.5409889
330,47.87603
331,45.0437508
332,60.8328285
333,61.1669998
334,65.1618195
335,52.5079384
336,63.3354492
337,58.8554802
338,55.2988091
339,53.75457
340,58.9981003
341,69.9292068
342,52.7064209
343,59.1755486
344,59.8353691
345,53.1508904
346,59.0227585
347,63.2969589
348,57.5940399
349,62.2185211
350,58.9323883
351,58.162941
352,59.3723907
353,56.5495682
354,63.3648605
355,59.9139709
356,58.470089
357,56.1549187
358,55.4400711
359,59.002861
360,60.4303513
361,62.0842209
362,54.2322197
363,50.7382088
364,58.8353195
365,62.5317612
366,60.7577286
367,52.7263794
368,51.5025291
369,48.3127708
370,52.6742401
371,47.1996384
372,52.0178185
373,53.8818092
374,56.9432983
375,52.9449806
376,62.2303505
377,63.4152603
378,55.1686783
379,52.2738609
380,51.9498291
381,46.5902481
382,49.8192215
383,47.8206215
384,49.343689
385,52.7905312
386,46.1912918
387,46.3712807
388,52.2014503
389,49.968071
390,40.8824196
391,48.6237411
392,39.3147087
393,53.2033501
394,44.9192581
395,43.4785194
396,42.0414085
397,49.4881096
398,56.9019585
399,53.8705406
400,54.8748016
401,52.1479492
402,51.0629196
403,50.1767197
404,51.9402084
405,52.1789703
406,51.8698196
407,51.8004112
408,53.2668114
409,51.115139
410,47.3955917
411,49.4126205
412,53.3177986
413,56.3347511
414,53.8542595
415,51.6915817
416,47.1860199
417,53.6458206
418,50.2990494
419,49.9715195
420,49.1668015
421,44.807991
422,39.0346298
423,43.9017715
424,37.8569908
425,34.8519096
426,38.1644783
427,48.1627007
428,49.661911
429,43.0965385
430,27.7851505
431,29.4808102
432,25.2014694
433,14.9287004
434,31.0938606
435,44.929081
436,49.9729691
437,45.2981415
438,43.6003685
439,39.6752586
440,49.2288704
441,54.6104813
442,60.1384315
443,60.037281
444,61.4449615
445,57.5740013
446,59.3881302
447,55.3081017
448,55.3599701
449,53.5371513
450,48.1413918
451,52.9724617
452,61.5384293
453,65.4192429
454,60.7301483
455,63.4773903
456,59.3429718
457,54.1310387
458,65.1191177
459,54.6910286
460,60.7006111
461,65.8778534
462,65.6146774
463,60.0401497
464,63.006649
465,61.5445213
466,66.3189163
467,64.1591492
468,63.4657898
469,58.7671585
470,52.1818008
471,51.087429
472,52.9392204
473,56.8643684
474,60.3159714
475,55.4320793
476,51.2450485
477,51.7321091
478,54.3680305
479,48.2261314
480,45.65522
481,48.031971
482,50.0047493
483,52.6401787
484,53.1424294
485,45.4126892
486,48.4399414
487,49.6474609
488,43.0052299
489,41.02071
490,43.6203613
491,46.8537712
492,42.8972092
493,44.5625916
494,47.2599602
495,48.0965996
496,42.0461998
497,43.2140388
498,50.4880486
499,46.8318596
500,56.8207207
501,47.6094818
502,43.6941986
503,40.7154617
504,43.3709793
505,45.9791489
506,52.0287018
507,56.8481293
508,55.2841492
509,51.9119911
510,52.696949
511,42.0370789
512,47.52248
513,46.2496681
514,48.8395615
515,50.0300598
516,47.4259987
517,47.8714104
518,52.6533318
519,50.6993408
520,51.9091187
521,51.2532883
522,55.6336594
523,48.540741
524,51.601059
525,49.8058891
526,54.1194496
527,56.1875916
528,52.5414085
529,51.8113708
530,49.6170807
531,51.4206085
532,55.4727402
533,48.89394
534,45.4589882
535,50.9669914
536,53.8592682
537,39.6835403
538,27.7660007
539,34.8192291
540,21.7437897
541,28.8245792
542,43.9197884
543,36.0709
544,50.2094116
545,57.252491
546,60.9932098
547,61.9445114
548,65.7189484
549,63.3572006
550,67.7873993
551,59.4744606
552,58.4165916
553,64.5548401
554,53.6708412
555,47.2984695
556,46.3689995
557,54.7954102
558,45.7755203
559,52.8321495
560,61.8931198
561,58.4080505
562,61.7761612
563,50.987011
564,57.4641418
565,59.3593407
566,72.9394836
567,64.1825333
568,66.2095184
569,67.3906708
570,66.5799408
571,67.3135834
572,61.5281982
573,67.86866
574,62.8085098
575,58.7621918
576,61.8919296
577,60.7944107
578,56.4186096
579,54.9295692
580,53.7045898
581,55.9562607
582,59.0630188
583,57.1759682
584,60.8095398
585,58.9119492
586,55.3449516
587,53.9542885
588,47.1948395
589,53.9172897
590,45.7629204
591,42.9946899
592,47.81007
593,52.4892998
594,51.344799
595,49.386261
596,53.8221512
597,54.3537102
598,58.6552696
599,55.4124413
600,53.3130989
601,52.8821602
602,50.6562119
603,49.9114189
604,51.9488411
605,54.283741
606,55.5890617
607,50.9579697
608,39.2930412
609,37.6870117
610,37.936409
611,46.0106506
612,51.5410881
613,52.9668884
614,62.9522209
615,61.0191917
616,52.3894997
617,53.6496506
618,51.3672409
619,51.3685799
620,48.0136604
621,51.2115784
622,44.1456795
623,49.8318405
624,50.9320297
625,54.8131485
626,56.7117691
627,56.1369209
628,55.3141518
629,50.2657814
630,54.4299507
631,53.1307182
632,55.2123985
633,52.6279106
634,52.4431915
635,49.7306213
636,49.6595993
637,47.3945885
638,47.2616081
639,51.1836586
640,46.3095818
641,48.9822388
642,50.9038506
643,48.9652214
644,37.6528816
645,39.7353401
646,31.08494
647,36.1434517
648,29.4719505
649,38.9726295
650,34.4593315
651,47.9924088
652,61.4085693
653,67.2576599
654,65.6184464
655,74.7257614
656,67.851532
657,60.5845985
658,57.7006912
659,57.0088882
660,57.5018387
661,54.8194389
662,57.1206589
663,47.679821
664,45.2527084
665,55.9399414
666,71.5344772
667,65.871521
668,70.179863
669,67.836113
670,68.5615768
671,67.8841019
672,67.8523407
673,68.3308182
674,69.2913895
675,68.3673325
676,63.5000191
677,70.5006485
678,69.9065399
679,65.7031403
680,66.7005081
681,67.1706772
682,65.2920532
683,66.7905731
684,56.1753082
685,43.6399803
686,56.6481209
687,59.3503685
688,56.257679
689,56.9468689
690,59.04422
691,62.1608696
692,59.8083611
693,56.4222107
694,55.1942101
695,55.51091
696,54.9320602
697,50.5891495
698,52.930191
699,38.790451
700,59.7143402
701,54.3250084
702,50.4701385
703,54.1842194
704,51.9054794
705,50.3109512
706,50.2640686
707,56.8227386
708,54.7863884
709,52.4941216
710,50.6781807
711,59.9977608
712,54.8558197
713,56.3066902
714,50.0568199
715,52.8169212
716,50.5117302
717,46.3190918
718,53.2945213
719,44.9934387
720,57.5083885
721,56.4594688
722,54.1704102
723,54.7547913
724,50.5539513
725,52.9170494
726,49.8376198
727,52.1830292
728,56.7316399
729,55.5654793
730,49.5937881
731,50.4557419
732,55.0390396
733,58.3292084
734,54.8771896
735,56.5126686
736,57.7267609
737,53.5132713
738,50.4367104
739,53.2729683
740,54.3782692
741,50.9624901
742,47.0678902
743,44.2527504
744,51.0455399
745,47.3144188
746,50.1970291
747,50.0186691
748,46.8515892
749,44.9243813
750,39.5058212
751,45.3560219
752,27.5922699
753,40.5003014
754,39.1067314
755,30.3115997
756,27.2901001
757,41.1075211
758,61.0401001
759,68.5416489
760,68.4718628
761,68.0620575
762,67.6454468
763,64.4760208
764,68.0460968
765,64.3850403
766,58.5338516
767,60.4126816
768,61.4774399
769,60.5978813
770,57.6121407
771,50.9924088
772,60.4670982
773,66.3196182
774,67.7104874
775,68.3387299
776,75.6720123
777,68.8108826
778,68.83255
779,70.5346832
780,68.6861725
781,68.9609528
782,61.3045807
783,59.4981194
784,61.4324303
785,55.8432884
786,55.6016617
787,59.1752815
788,60.6965904
789,59.9326096
790,65.5411911
791,66.0936203
792,61.5637703
793,56.53825
794,51.3596916
795,49.4528084
796,58.9189186
797,57.5244102
798,57.7975693
799,55.1554108
800,50.8636703
801,47.6876793
802,46.826931
803,43.8459702
804,50.8179398
805,59.0271301
806,57.7338295
807,52.1398697
808,51.8656883
809,47.0671692
810,48.9122086
811,55.1071281
812,54.3653412
813,46.9548988
814,47.5910492
815,51.1767502
816,52.9044189
817,54.6746712
818,52.2934303
819,50.3918915
820,43.8303185
821,47.6336098
822,44.7364998
823,45.3410416
824,49.1770706
825,58.3892288
826,51.7913513
827,49.8505287
828,53.8134384
829,49.3274803
830,46.9387016
831,49.8017006
832,50.9040413
833,52.4431992
834,46.7670593
835,47.7411003
836,46.9768906
837,56.4724998
838,57.6970901
839,64.7535324
840,55.8712311
841,53.2775192
842,53.8661499
843,57.9324493
844,52.2235184
845,48.4703217
846,49.611721
847,46.9142685
848,51.6954689
849,55.5261803
850,53.6290512
851,53.0904694
852,54.7979088
853,50.1641998
854,52.5973396
855,40.7584305
856,43.67836
857,26.0255604
858,40.3593597
859,45.2267418
860,41.6569405
861,41.0325394
862,46.4597588
863,62.7205086
864,75.1074677
865,71.2714615
866,66.3191605
867,66.8612366
868,59.2261009
869,68.2192001
870,64.6201401
871,64.4900665
872,58.3134117
873,54.1704216
874,61.7471504
875,52.6014214
876,49.67342
877,70.7549515
878,76.7954407
879,71.0433121
880,68.744751
881,68.9351425
882,69.898407
883,68.2960892
884,65.6194382
885,60.8778801
886,58.6584282
887,63.8705597
888,67.713707
889,66.2366104
890,65.2505493
891,64.0243225
892,50.2474098
893,56.967289
894,53.2956886
895,49.9104614
896,53.3018684
897,55.6694717
898,54.4834404
899,46.8258286
900,51.3606606
901,51.9344101
902,58.5740891
903,56.7403488
904,54.7212296
905,48.2149811
906,46.5047112
907,50.0282211
908,52.3326492
909,51.7303505
910,48.3633003
911,46.1234703
912,41.3765297
913,34.6944504
914,41.5107193
915,40.5008202
916,43.0132217
917,49.2392502
918,41.1330719
919,48.6799889
920,49.2431793
921,54.3583984
922,48.4783211
923,45.5298882
924,42.2756882
925,39.5354004
926,36.2990608
927,38.5729904
928,36.5318604
929,48.4962196
930,52.8863411
931,47.9121208
932,48.9261818
933,43.3237495
934,47.4159317
935,50.7457504
936,46.4328995
937,47.6182289
938,47.9803085
939,51.5841789
940,52.7656593
941,52.5676994
942,54.1985817
943,49.9824905
944,56.1269493
945,50.81287
946,47.7335014
947,50.6500511
948,49.6537704
949,52.1462593
950,48.2033691
951,50.3630295
952,51.7793999
953,50.5189095
954,51.649189
955,46.9377518
956,49.5802994
957,48.8162613
958,55.8958397
959,34.0517006
960,36.2117119
961,31.0859795
962,42.3382492
963,54.0410004
964,40.6260796
965,63.6038589
966,75.4213867
967,65.0283585
968,66.3154526
969,65.8892822
970,62.5243111
971,70.3685303
972,66.9800034
973,64.9369507
974,65.988327
975,61.2945709
976,64.5458908
977,60.5298615
978,50.710701
979,65.1650696
980,65.3263168
981,67.2760925
982,75.8522263
983,71.8973083
984,72.0764084
985,70.2737503
986,72.9856491
987,63.2631683
988,66.7973633
989,61.9452896
990,62.3347397
991,66.4043427
992,66.7578278
993,65.2634811
994,62.9188194
995,68.0271606
996,57.6592484
997,55.8146286
998,56.3917885
999,54.888401
1000,51.9617119
1001,45.7417717
1002,51.3245697
1003,55.4592896
1004,55.2790909
1005,54.9514809
1006,43.4459991
1007,51.4687309
1008,53.9090004
1009,53.7109299
1010,48.9141884
1011,46.2785988
1012,54.5156784
1013,49.5281487
1014,50.3338203
1015,48.6152115
1016,48.1455116
1017,42.6548615
1018,49.5962181
1019,51.615181
1020,52.6677284
1021,54.7789116
1022,55.0101089
1023,51.1400719
1024,49.9685783
1025,52.8577309
1026,52.1798782
1027,52.0928001
1028,49.5732803
1029,48.7937698
1030,52.3929291
1031,46.4867897
1032,52.2750282
1033,46.0922394
1034,49.6247711
1035,51.3455582
1036,54.0594597
1037,56.4277916
1038,55.2901382
1039,55.1630516
1040,50.8842316
1041,57.5144806
1042,53.3529282
1043,54.415699
1044,53.1649208
1045,48.2831917
1046,56.9771996
1047,48.8815918
1048,51.5556297
1049,48.4889297
1050,48.1889801
1051,48.7475014
1052,49.6700516
1053,51.5625381
1054,51.6929092
1055,52.6964111
1056,51.2662506
1057,62.6518784
1058,54.4864998
1059,55.0266991
1060,31.1545906
1061,35.8363991
1062,25.3031902
1063,54.379921
1064,57.6538811
1065,55.403801
1066,46.0529594
1067,55.0354385
1068,49.4179688
1069,60.8166504
1070,71.7805176
1071,67.2517471
1072,61.6746788
1073,60.9874687
1074,64.790062
1075,61.5813408
1076,56.7581711
1077,67.2170486
1078,66.5779572
1079,41.0547295
1080,47.4810219
1081,66.5433502
1082,65.1123276
1083,69.5961075
1084,68.9380875
1085,68.0804825
1086,63.6852608
1087,63.0653191
1088,67.0544586
1089,62.3551216
1090,56.7733803
1091,64.3408737
1092,57.0489006
1093,54.7483101
1094,63.3413315
1095,52.8622017
1096,55.63554
1097,55.4221191
1098,46.4380798
1099,50.6343994
1100,48.301899
1101,43.7404404
1102,40.5911903
1103,38.3168411
1104,42.9455605
1105,51.0093994
1106,56.1059113
1107,56.717041
1108,48.6097298
1109,45.0006294
1110,45.5454407
1111,55.6733894
1112,57.0577698
1113,52.0617981
1114,47.7314796
1115,51.2672081
1116,51.5968399
1117,49.0391998
1118,51.5186005
1119,54.6890602
1120,49.5424309
1121,49.0820503
1122,48.3513794
1123,49.4832382
1124,53.3529587
1125,57.7691498
1126,53.2222595
1127,47.7159805
1128,39.6125183
1129,41.2815285
1130,54.7870102
1131,51.2420807
1132,52.4049797
1133,46.2530594
1134,49.2770004
1135,44.5057106
1136,55.4645119
1137,53.3882713
1138,47.2902718
1139,48.5946999
1140,45.2505417
1141,36.3343201
1142,45.8121109
1143,53.1248016
1144,43.3732109
1145,47.9456406
1146,60.7220497
1147,56.1796494
1148,57.9410095
1149,59.815979
1150,59.0545082
1151,50.5125313
1152,52.5680695
1153,53.9380112
1154,53.0727806
1155,50.8789406
1156,54.6776199
1157,52.8096199
1158,54.1930504
1159,50.4203987
1160,51.8946609
1161,39.6338387
1162,39.2715416
1163,26.1375198
1164,42.3338509
1165,37.733181
1166,45.2044411
1167,39.3717194
1168,63.3233299
1169,71.4757538
1170,68.9817734
1171,66.1125412
1172,59.7673187
1173,67.5706024
1174,62.5195503
1175,61.8675385
1176,68.2716827
1177,60.3408813
1178,57.8375206
1179,51.1037292
1180,58.3379288
1181,57.1553612
1182,60.6589699
1183,63.1803207
1184,64.7109299
1185,61.3765488
1186,55.3741302
1187,60.698101
1188,65.4474792
1189,65.0844269
1190,60.6825485
1191,62.8359604
1192,66.7003021
1193,61.7494202
1194,67.5296173
1195,70.7504272
1196,63.8694496
1197,61.6975403
1198,58.6559486
1199,48.58881
1200,46.4622192
1201,55.1650009
1202,45.1756096
1203,45.8161316
1204,43.2064896
1205,46.3727798
1206,46.8163986
1207,44.5791397
1208,45.2945518
1209,49.8977203
1210,50.4042816
1211,48.4896584
1212,49.090641
1213,43.8754807
1214,56.5101089
1215,55.2068787
1216,49.6269493
1217,52.0677109
1218,46.0975914
1219,53.0623283
1220,52.0414391
1221,51.4557114
1222,51.644371
1223,60.4572182
1224,54.4769707
1225,51.0536308
1226,45.6792183
1227,51.0142403
1228,54.4005089
1229,60.9291992
1230,50.4672394
1231,47.2641106
1232,45.7968483
1233,50.3708801
1234,45.5422707
1235,44.8204498
1236,48.3273888
1237,52.8073616
1238,45.2849998
1239,35.3492813
1240,36.0959702
1241,28.1644707
1242,35.7104683
1243,40.3382492
1244,50.0330391
1245,53.7511215
1246,51.5934906
1247,52.8958588
1248,51.3217316
1249,49.9624481
1250,53.4251595
1251,52.4398613
1252,57.9643211
1253,49.630249
1254,51.0019112
1255,52.0291786
1256,46.2107887
1257,48.1801605
1258,48.0999107
1259,48.5877304
1260,43.1696281
1261,33.6865005
1262,26.7015495
1263,38.6119118
1264,44.7013817
1265,38.2416382
1266,60.56567
1267,61.1524506
1268,78.8550568
1269,69.8744965
1270,70.5501633
1271,73.6320419
1272,69.9851837
1273,65.4537735
1274,65.6493225
1275,58.7604218
1276,52.4686584
1277,49.960331
1278,47.4770584
1279,44.7678413
1280,48.4841194
1281,53.8485184
1282,57.84795
1283,60.8288193
1284,52.6529808
1285,57.9190407
1286,59.2499886
1287,63.1112213
1288,66.7355118
1289,69.9105301
1290,68.4425888
1291,67.2199783
1292,69.1666183
1293,66.3568878
1294,63.4088593
1295,62.6050911
1296,61.2771187
1297,54.7791786
1298,58.7029991
1299,59.7579613
1300,52.9179497
1301,45.7088089
1302,49.1818199
1303,47.0684509
1304,47.4740181
1305,46.2215805
1306,49.7777596
1307,53.3777809
1308,59.799099
1309,67.2467575
1310,63.3790092
1311,49.772419
1312,53.5727386
1313,47.5175896
1314,44.0806885
1315,46.9786987
1316,51.291851
1317,52.4614296
1318,47.9070511
1319,50.0899086
1320,46.3260918
1321,53.9264603
1322,51.0021515
1323,52.7551804
1324,48.6145897
1325,48.0625305
1326,50.0783882
1327,57.0251884
1328,56.1363182
1329,50.8317909
1330,54.4028206
1331,52.4878006
1332,49.4678688
1333,52.6107483
1334,49.3452301
1335,44.8513985
1336,40.5019302
1337,35.0271683
1338,29.7978001
1339,29.1875992
1340,48.1116791
1341,51.7122612
1342,51.5059204
1343,51.2044106
1344,53.9802589
1345,44.9172401
1346,50.2111282
1347,51.894371
1348,51.8938293
1349,44.4444389
1350,53.0472717
1351,47.3888283
1352,46.5895615
1353,45.3694496
1354,48.9612503
1355,46.2139511
1356,49.3170319
1357,45.3868713
1358,33.2273483
1359,28.2189407
1360,17.7573204
1361,51.5715408
1362,51.8704109
1363,37.2320213
1364,51.9385414
1365,58.8953514
1366,77.0942383
1367,64.2983093
1368,66.2514877
1369,55.7815285
1370,55.7020683
1371,44.9539986
1372,43.1339798
1373,43.4308205
1374,43.5278702
1375,39.1286011
1376,45.3274803
1377,45.871151
1378,43.0933189
1379,45.2753181
1380,36.8455315
1381,45.8995514
1382,58.229229
1383,65.4736862
1384,68.5631104
1385,70.0792313
1386,69.4174576
1387,66.648613
1388,69.6745529
1389,68.5173492
1390,69.5078964
1391,62.8252106
1392,61.8482704
1393,58.94133
1394,55.4299507
1395,55.9171295
1396,53.3195992
1397,50.1165314
1398,47.8364983
1399,45.6674118
1400,42.5578384
1401,46.262989
1402,55.2045097
1403,55.3183212
1404,49.4007683
1405,50.4323616
1406,52.6983986
1407,59.1057892
1408,60.2143593
1409,49.1710892
1410,52.3515816
1411,52.7955093
1412,40.0278587
1413,46.9308701
1414,42.0349884
1415,54.5544586
1416,55.2611084
1417,52.1411705
1418,50.5644913
1419,47.3965607
1420,60.9077797
1421,53.9656601
1422,61.8912201
1423,57.9625511
1424,55.5353813
1425,52.615799
1426,53.3751106
1427,49.0881805
1428,50.9439507
1429,51.9733505
1430,48.2362709
1431,50.4321213
1432,39.7882805
1433,34.2010612
1434,39.4324608
1435,30.5948391
1436,46.6859512
1437,57.4907188
1438,52.3684006
1439,56.8067017
1440,61.7793503
1441,54.8964615
1442,52.2800903
1443,52.6781693
1444,56.3846817
1445,54.748539
1446,52.2677689
1447,52.7782211
1448,53.7999611
1449,50.9664803
1450,57.0116501
1451,49.4428291
1452,48.0673218
1453,50.8563919
1454,38.1859512
1455,36.5328903
1456,20.9917202
1457,47.0763092
1458,51.2085915
1459,38.1590614
1460,48.6626396
1461,52.0723915
1462,68.6227722
1463,70.5428238
1464,62.8484688
1465,64.8611603
1466,56.5666084
1467,58.3329086
1468,47.5553398
1469,48.5502014
1470,45.2176514
1471,43.6031418
1472,43.1147614
1473,43.6399498
1474,45.2560196
1475,47.2416801
1476,51.7733307
1477,54.0083809
1478,61.2541008
1479,70.2386475
1480,71.4415436
1481,67.0726013
1482,61.7444992
1483,63.5316696
1484,62.3132706
1485,63.9549103
1486,59.800621
1487,59.9554482
1488,57.0999794
1489,53.6424599
1490,49.5279083
1491,43.8657112
1492,47.0356407
1493,51.5473518
1494,49.5399704
1495,52.4342194
1496,47.6353683
1497,48.7318115
1498,48.7580986
1499,52.439991
1500,50.8263092
1501,51.9874115
1502,59.7913818
1503,59.6241493
1504,47.9199905
1505,47.6550789
1506,46.6971512
1507,28.8019505
1508,49.661541
1509,44.8740501
1510,53.0100899
1511,57.6671295
1512,50.2909088
1513,54.7504997
1514,56.7817497
1515,57.0844116
1516,55.857769
1517,56.7521286
1518,58.3335915
1519,60.5324783
1520,58.5042381
1521,52.5518417
1522,54.3062782
1523,54.7575111
1524,51.4441414
1525,53.3734818
1526,57.0718613
1527,57.3375397
1528,54.1926994
1529,56.8282585
1530,53.2369919
1531,51.32547
1532,56.3143997
1533,54.0264511
1534,55.2634201
1535,51.8568916
1536,54.1191216
1537,51.5860596
1538,48.5511589
1539,53.4949188
1540,53.7544708
1541,48.1953888
1542,52.604641
1543,50.0248489
1544,53.6275711
1545,51.5709801
1546,51.1225586
1547,47.6851006
1548,53.2344017
1549,38.2598381
1550,34.2882996
1551,29.1681004
1552,51.8358002
1553,53.2474098
1554,47.1945801
1555,47.6682205
1556,54.2260208
1557,64.1206665
1558,73.83255
1559,73.3478699
1560,67.723793
1561,64.6880875
1562,56.3714104
1563,55.1786499
1564,46.3948517
1565,48.8162384
1566,46.3828087
1567,42.2676506
1568,40.9715309
1569,43.5830002
1570,43.9115791
1571,49.0249596
1572,53.1265182
1573,61.2885399
1574,69.4465179
1575,69.0750504
1576,65.2102127
1577,63.1520004
1578,59.7154388
1579,58.2473412
1580,51.610611
1581,55.5233116
1582,53.2494698
1583,45.9400215
1584,53.1151695
1585,49.6160393
1586,49.5827484
1587,44.4828682
1588,33.3839111
1589,34.273819
1590,33.397049
1591,47.0454292
1592,49.3419609
1593,49.3147583
1594,55.4770889
1595,52.217659
1596,46.9382401
1597,48.0394592
1598,54.3384514
1599,49.639389
1600,44.8340912
1601,53.6529999
1602,44.4135513
1603,42.3480606
1604,51.8805695
1605,46.0886688
1606,42.8964882
1607,46.6102905
1608,51.5045204
1609,51.6663818
1610,55.2664413
1611,55.9197617
1612,51.5993195
1613,55.9287415
1614,53.4985695
1615,54.2850113
1616,52.370491
1617,56.4370003
1618,54.1437302
1619,54.8484802
1620,50.8704987
1621,52.9345818
1622,51.5779305
1623,48.289711
1624,55.0762405
1625,56.0609207
1626,56.7436485
1627,50.6179504
1628,51.23283
1629,54.5338898
1630,53.3316994
1631,46.19907
1632,51.3315392
1633,45.7620201
1634,49.3617897
1635,50.9500999
1636,50.6900482
1637,43.8767891
1638,48.6370811
1639,48.2650108
1640,46.90411
1641,46.6733589
1642,59.5096817
1643,37.9340706
1644,35.5737495
1645,30.7917404
1646,58.1484604
1647,51.3629608
1648,60.8594208
1649,48.8196487
1650,66.6112671
1651,83.1035919
1652,82.972641
1653,69.1796875
1654,58.9137917
1655,55.4130096
1656,47.16539
1657,52.3551292
1658,43.4572182
1659,51.5955086
1660,45.7256012
1661,48.8675003
1662,42.3908005
1663,44.6251106
1664,53.6898384
1665,53.8868294
1666,62.6413307
1667,62.1950989
1668,59.3790398
1669,61.74366
1670,66.6950912
1671,63.9423409
1672,60.2069016
1673,56.7231789
1674,55.5120316
1675,53.8145103
1676,51.2935295
1677,52.2804184
1678,46.3981705
1679,53.2556114
1680,43.0212593
1681,52.0941315
1682,50.1014214
1683,45.2336006
1684,47.6277618
1685,47.2883301
1686,49.0454712
1687,50.3044815
1688,52.8096809
1689,49.5893402
1690,56.7931709
1691,53.4120903
1692,49.2318687
1693,51.7093887
1694,53.7223015
1695,55.867981
1696,56.3904305
1697,49.3662682
1698,47.4078484
1699,58.1915894
1700,58.915329
1701,57.6767006
1702,54.5372009
1703,58.3110313
1704,55.9609489
1705,52.4187889
1706,51.1362801
1707,49.1186485
1708,48.5284119
1709,53.9570084
1710,56.0920715
1711,51.5768089
1712,51.6849785
1713,51.4133301
1714,52.6200104
1715,50.9658585
1716,50.4478683
1717,53.1344719
1718,56.0894089
1719,55.8647003
1720,42.0912018
1721,47.8839798
1722,49.6841087
1723,51.9340591
1724,44.9545212
1725,49.3236618
1726,44.4344711
1727,49.4749908
1728,47.8235893
1729,44.2952385
1730,51.4620514
1731,47.5098991
1732,47.2832718
1733,49.5719604
1734,51.2200203
1735,42.7405396
1736,41.2981796
1737,29.1371193
1738,58.7280312
1739,52.773571
1740,51.8072701
1741,70.966423
1742,60.9398499
1743,87.2405777
1744,85.1097794
1745,75.5981674
1746,67.4666824
1747,57.8197784
1748,51.7235985
1749,46.6122093
1750,41.9514618
1751,42.8033485
1752,40.1735001
1753,39.774231
1754,38.7868195
1755,39.7036018
1756,47.5398293
1757,61.6222
1758,69.0043182
1759,64.442131
1760,65.4020996
1761,69.9347534
1762,64.519577
1763,61.990921
1764,56.1713295
1765,55.0892715
1766,57.0137787
1767,57.6633987
1768,53.5209885
1769,50.6121216
1770,45.3376312
1771,57.7209091
1772,61.084301
1773,53.5917015
1774,42.8831215
1775,51.92733
1776,53.706131
1777,47.1170807
1778,56.1836395
1779,52.2771187
1780,52.7108994
1781,51.5906982
1782,48.0607185
1783,55.4199486
1784,52.9372215
1785,57.6345901
1786,57.2312698
1787,54.6298294
1788,47.5655594
1789,46.0205688
1790,47.6795006
1791,54.0441284
1792,52.7308197
1793,52.6221504
1794,56.4597511
1795,57.7117615
1796,56.3626099
1797,54.7238808
1798,51.6146812
1799,54.9711494
1800,51.8395996
1801,51.3056793
1802,51.0063286
1803,47.8957214
1804,49.007679
1805,49.0014381
1806,49.2574615
1807,49.8984299
1808,47.1997986
1809,49.2117615
1810,55.5037384
1811,49.6592216
1812,51.88591
1813,54.876049
1814,53.496891
1815,55.2620697
1816,50.271019
1817,51.9858513
1818,53.5428085
1819,51.8913612
1820,50.4677086
1821,54.2081108
1822,47.4769707
1823,52.347271
1824,49.4463196
1825,48.7000313
1826,40.5172501
1827,35.5759888
1828,26.7577896
1829,42.4875793
1830,35.7329903
1831,27.0698605
1832,41.7427902
1833,57.3835793
1834,80.3426971
1835,72.6072235
1836,54.1599312
1837,49.9023819
1838,38.6219711
1839,40.3629417
1840,37.9230309
1841,35.4114418
1842,41.4754982
1843,40.0829391
1844,45.5513992
1845,52.3656693
1846,64.4913864
1847,64.0600662
1848,61.3515015
1849,62.7849808
1850,58.1441498
1851,50.6672516
1852,46.6691284
1853,45.9015999
1854,50.7217712
1855,49.6024017
1856,50.2521019
1857,48.3157196
1858,40.2654419
1859,40.0930099
1860,41.9758911
1861,43.8718987
1862,46.4027214
1863,45.5373116
1864,45.4915504
1865,48.978241
1866,47.1341705
1867,46.0027008
1868,44.8537102
1869,44.9106483
1870,53.23946
1871,52.9112511
1872,46.9315186
1873,48.5119286
1874,53.1837997
1875,49.8553505
1876,43.8587914
1877,38.4548187
1878,38.4550514
1879,41.3078117
1880,45.0915489
1881,53.5953293
1882,49.5655289
1883,54.0597115
1884,58.0961189
1885,57.7179909
1886,57.458149
1887,54.4469795
1888,52.1990318
1889,52.0363007
1890,54.9541283
1891,52.0858994
1892,52.5879097
1893,54.590889
1894,51.4808311
1895,52.4966583
1896,57.3831902
1897,57.3987694
1898,56.6953506
1899,53.5433388
1900,52.8177986
1901,56.7595215
1902,56.0288086
1903,55.4774895
1904,48.8720589
1905,48.9073486
1906,50.1718292
1907,53.1883087
1908,46.5331993
1909,47.4154015
1910,46.9444313
1911,46.1777687
1912,52.2397194
1913,49.5298882
1914,52.3321915
1915,41.0459709
1916,41.2652817
1917,27.4214802
1918,49.8614502
1919,48.3625984
1920,46.1529083
1921,48.7650185
1922,50.0994301
1923,66.6082916
1924,64.2394409
1925,56.2934494
1926,48.1588211
1927,47.8703804
1928,45.4012604
1929,44.3222198
1930,43.4491692
1931,43.0816116
1932,43.780159
1933,51.0189896
1934,64.9172134
1935,65.7913971
1936,62.3373985
1937,58.6795883
1938,57.434269
1939,53.1901512
1940,54.8865585
1941,48.9379196
1942,44.3788795
1943,46.6374016
1944,47.4297218
1945,48.4121017
1946,42.0379105
1947,50.0525703
1948,48.3524284
1949,45.7459908
1950,44.9514389
1951,38.6938896
1952,35.7113609
1953,45.7522507
1954,44.853611
1955,47.491291
1956,44.42696
1957,50.4615211
1958,55.1061401
1959,57.9502907
1960,55.1097603
1961,52.4878616
1962,50.8127708
1963,48.9404106
1964,45.0163498
1965,42.1306992
1966,42.9838486
1967,47.0390396
1968,50.1750908
1969,47.803791
1970,50.2291298
1971,53.3772316
1972,50.896431
1973,48.6881905
1974,52.0358315
1975,49.3915215
1976,46.470089
1977,49.8336906
1978,51.88451
1979,51.9992485
1980,51.1760292
1981,48.6248703
1982,53.4233894
1983,47.4146805
1984,49.9882011
1985,53.2394104
1986,49.2401695
1987,42.8330688
1988,48.7531319
1989,46.0579796
1990,46.8565292
1991,48.9359703
1992,47.9032784
1993,45.8910789
1994,47.2377701
1995,45.53339
1996,47.2853699
1997,44.5177307
1998,46.5914803
1999,47.4266396
2000,48.6538887
2001,45.0235291
2002,51.0019913
2003,36.6458817
2004,34.6121292
2005,24.8889408
2006,48.965641
2007,41.3070793
2008,50.5439186
2009,58.6219101
2010,60.2962303
2011,58.0430412
2012,41.7382889
2013,39.3553314
2014,36.7449188
2015,38.5502586
2016,40.6799583
2017,41.4961815
2018,40.8898506
2019,41.6912117
2020,56.7450104
2021,66.1514511
2022,69.2950134
2023,66.075882
2024,62.6642189
2025,57.9788895
2026,57.8396416
2027,60.422081
2028,53.9955101
2029,53.2304497
2030,59.77565
2031,53.2128296
2032,59.5253716
2033,56.6237488
2034,57.2517014
2035,54.9451904
2036,51.7985497
2037,45.6902313
2038,44.8194008
2039,33.9376984
2040,38.7862816
2041,44.1884689
2042,48.3343391
2043,48.8893013
2044,55.2409096
2045,58.0432892
2046,57.0615196
2047,60.2882118
2048,57.5864296
2049,52.8503799
2050,47.9822388
2051,44.7725716
2052,50.3266182
2053,50.681179
2054,49.6820297
2055,53.2858391
2056,53.7064018
2057,51.8902016
2058,53.1546898
2059,54.6627502
2060,52.8675919
2061,53.2452812
2062,52.2014503
2063,52.6230316
2064,55.3148193
2065,50.4286919
2066,52.6917191
2067,53.0133514
2068,49.9980698
2069,51.2888298
2070,53.7903099
2071,50.8875504
2072,48.6220207
2073,53.2278214
2074,52.5799599
2075,52.0009003
2076,50.9432182
2077,47.9291306
2078,45.7075386
2079,43.9571419
2080,46.4805794
2081,47.3721199
2082,51.005661
2083,44.716259
2084,46.9109001
2085,45.2862282
2086,47.1795616
2087,43.0335617
2088,48.0362396
2089,40.3597984
2090,43.0046692
2091,26.6654892
2092,48.4450302
2093,34.8984108
2094,47.0721817
2095,42.2843018
2096,45.8744011
2097,33.5936584
2098,39.2544289
2099,31.6256599
2100,37.3767891
2101,31.8768806
2102,37.2261581
2103,31.9572506
2104,47.1085701
2105,54.6547394
2106,58.2820511
2107,49.1848412
2108,49.3959618
2109,51.6940498
2110,52.814621
2111,60.2649307
2112,63.6381111
2113,60.5811996
2114,60.4149284
2115,56.58321
2116,50.9095383
2117,51.1963692
2118,49.4626007
2119,43.4727402
2120,43.2961693
2121,37.4030609
2122,47.2463493
2123,41.1239014
2124,45.1412697
2125,42.5292397
2126,47.2209282
2127,45.9092598
2128,55.1121483
2129,58.5885315
2130,51.8343887
2131,56.0778618
2132,54.9116287
2133,54.1496315
2134,57.2434387
2135,52.9012718
2136,55.7423592
2137,52.5718803
2138,51.317421
2139,50.2178688
2140,49.8723793
2141,49.5738907
2142,47.1681786
2143,46.2607689
2144,48.1099586
2145,50.4190788
2146,47.0134315
2147,52.7534714
2148,51.7756882
2149,50.3120689
2150,52.0737686
2151,54.7219887
2152,54.2491302
2153,58.4910011
2154,51.7857704
2155,50.4921608
2156,49.1484909
2157,58.1637306
2158,57.3542213
2159,55.6853294
2160,52.9719009
2161,52.5647202
2162,54.9585991
2163,56.0906487
2164,50.6272202
2165,43.9549103
2166,50.3145905
2167,53.2312317
2168,54.3139801
2169,49.5718994
2170,51.2663689
2171,46.2512512
2172,49.8885002
2173,46.7420883
2174,39.4161301
2175,42.3497314
2176,29.2197609
2177,43.9942894
2178,33.4268799
2179,39.9989014
2180,39.9132805
2181,22.4844608
2182,45.0033112
2183,40.2252884
2184,40.7974091
2185,39.968441
2186,40.0778809
2187,40.9553185
2188,44.93013
2189,51.8820801
2190,57.0585403
2191,60.4446793
2192,61.5125999
2193,57.1116104
2194,54.9724503
2195,58.9180412
2196,59.6203308
2197,66.6651306
2198,67.0683136
2199,64.5592194
2200,62.5782204
2201,59.7659111
2202,58.2256699
2203,46.3023682
2204,34.6365204
2205,40.0378494
2206,45.040741
2207,44.268631
2208,46.7012405
2209,45.3817101
2210,41.6746101
2211,42.1533089
2212,47.4606705
2213,52.3282318
2214,53.6890106
2215,59.2991486
2216,59.3560295
2217,54.77034
2218,53.4738884
2219,53.9031105
2220,51.1758919
2221,49.3140182
2222,47.4572487
2223,43.4704285
2224,44.5283394
2225,48.0742683
2226,48.0717697
2227,48.3340988
2228,46.7499008
2229,51.6556015
2230,49.0188904
2231,54.3382988
2232,50.6237183
2233,46.3865814
2234,51.5282593
2235,51.9721985
2236,49.2511787
2237,51.3105507
2238,48.55476
2239,44.8844719
2240,46.4015312
2241,52.5031013
2242,45.5232697
2243,48.2411613
2244,44.5673485
2245,45.9595108
2246,42.5680084
2247,41.6274796
2248,43.3195992
2249,43.0377502
2250,41.54702
2251,43.3886185
2252,45.5957413
2253,45.7314987
2254,43.2151299
2255,40.6223907
2256,46.4326515
2257,46.5354881
2258,38.1847191
2259,38.0639114
2260,28.2688599
2261,44.0923195
2262,46.8804893
2263,29.0190105
2264,25.3125706
2265,26.1315193
2266,54.2793617
2267,55.9746704
2268,47.8389702
2269,46.6043091
2270,57.7227783
2271,62.5668602
2272,67.1224823
2273,61.7143402
2274,62.9024391
2275,60.092411
2276,60.2323112
2277,51.3928604
2278,54.9231491
2279,45.1563683
2280,48.3025589
2281,34.7836685
2282,44.3148193
2283,46.8493004
2284,44.8548508
2285,26.4860306
2286,27.80023
2287,30.1884193
2288,37.7262001
2289,41.506031
2290,41.5685616
2291,42.7632599
2292,37.5716019
2293,51.8757782
2294,47.6011391
2295,33.5437813
2296,43.1225815
2297,46.5662689
2298,55.8501816
2299,55.0004807
2300,50.1297417
2301,54.2907715
2302,55.1700096
2303,49.8602715
2304,47.4609299
2305,47.8692818
2306,42.0987587
2307,42.3736382
2308,42.2724419
2309,49.58564
2310,48.8587608
2311,49.3000908
2312,51.2746391
2313,48.4763603
2314,49.4556808
2315,50.1346016
2316,47.0775986
2317,48.0453911
2318,52.4234009
2319,51.2191811
2320,52.7039299
2321,47.1303711
2322,44.0998001
2323,53.1966591
2324,54.4892998
2325,46.4971886
2326,44.2997284
2327,46.23069
2328,46.5148315
2329,50.3403397
2330,50.9614716
2331,47.6636505
2332,47.4430885
2333,43.5028
2334,43.0166397
2335,44.5960808
2336,47.1805801
2337,39.2650185
2338,43.6171112
2339,40.3707314
2340,34.7235413
2341,32.5279388
2342,24.98666
2343,43.0268402
2344,45.4625092
2345,50.1879883
2346,18.9186306
2347,30.1907501
2348,52.0000191
2349,54.5360413
2350,48.4482613
2351,53.2203407
2352,56.6972885
2353,58.9433403
2354,58.6832619
2355,64.6393814
2356,63.1017303
2357,63.5908699
2358,57.9335899
2359,54.3882713
2360,52.1499481
2361,54.8892593
2362,53.5229301
2363,51.4291611
2364,55.6391106
2365,57.2351189
2366,56.8619308
2367,61.0898094
2368,58.2101097
2369,57.5228882
2370,56.4767189
2371,50.7890205
2372,53.4006996
2373,51.0306511
2374,53.1261902
2375,46.9502602
2376,53.0217094
2377,50.7264214
2378,51.1130486
2379,55.7981987
2380,54.7233505
2381,58.554451
2382,54.3054085
2383,55.6338806
2384,52.184761
2385,46.5493088
2386,48.0272789
2387,51.8740883
2388,49.6776085
2389,48.9250488
2390,50.848381
2391,51.7521095
2392,52.9030609
2393,47.4070587
2394,47.4749908
2395,49.4213715
2396,46.7248116
2397,47.4505997
2398,48.0185318
2399,49.7378311
2400,44.7531319
2401,43.802681
2402,45.4669304
2403,45.9696617
2404,45.4878197
2405,44.6772308
2406,41.9637489
2407,45.4703407
2408,49.2878494
2409,42.5048599
2410,50.2612915
2411,49.4654694
2412,49.4469109
2413,42.0618896
2414,42.5103493
2415,44.1040001
2416,40.4736519
2417,42.9081116
2418,47.5653381
2419,42.7672882
2420,44.3696098
2421,34.1618385
2422,30.6833
2423,29.5058498
2424,54.2907486
2425,32.3621788
2426,32.1672897
2427,11.9078398
2428,28.1761894
2429,43.1094818
2430,57.1908684
2431,60.4073486
2432,62.9827118
2433,63.3749695
2434,65.3871384
2435,63.1771584
2436,63.8921204
2437,63.4020004
2438,60.3319283
2439,58.6351814
2440,61.5363197
2441,63.0861588
2442,62.4519081
2443,65.99646
2444,60.9141388
2445,63.8523598
2446,59.9474792
2447,59.8527718
2448,58.3932304
2449,53.5767899
2450,54.8653717
2451,48.5974998
2452,51.6519585
2453,55.5538101
2454,34.8729782
2455,36.4202614
2456,32.7786903
2457,50.152359
2458,52.560791
2459,57.0416908
2460,53.6902084
2461,54.2927704
2462,56.2733688
2463,51.4563904
2464,47.5340691
2465,49.0851707
2466,51.7823296
2467,50.4821205
2468,51.8335609
2469,51.7786484
2470,50.3017387
2471,51.1136513
2472,50.0353584
2473,51.8689804
2474,52.3427505
2475,53.1723289
2476,50.8410797
2477,50.7925797
2478,50.6986389
2479,49.9908714
2480,50.6115913
2481,54.4422989
2482,50.8745308
2483,48.9297485
2484,53.4461784
2485,47.5174713
2486,48.2509003
2487,50.8049202
2488,42.2343407
2489,44.7041016
2490,43.4861717
2491,42.9335098
2492,47.9692383
2493,45.0725517
2494,41.9774017
2495,47.0864906
2496,46.8300781
2497,44.6428719
2498,48.0368195
2499,46.3759918
2500,37.4692917
2501,38.1709785
2502,35.7495308
2503,32.7443695
2504,24.5164394
2505,27.6757603
2506,14.97966
2507,24.5575409
2508,40.1769791
2509,52.6484718
2510,56.2952499
2511,50.1358719
2512,67.1911469
2513,58.4164085
2514,62.0960388
2515,61.3145485
2516,58.4674301
2517,52.8916893
2518,58.7545319
2519,56.8582802
2520,55.4063301
2521,46.3650208
2522,44.7102394
2523,52.8000488
2524,54.5883904
2525,55.4373093
2526,39.3267097
2527,46.8190804
2528,52.5901299
2529,49.5377998
2530,50.7822418
2531,51.920639
2532,48.0575714
2533,38.1453514
2534,51.1091309
2535,49.0115013
2536,51.4553986
2537,54.9400902
2538,55.1823311
2539,56.4767914
2540,51.5267296
2541,47.6216812
2542,48.8329086
2543,53.8015404
2544,52.3710403
2545,51.1294708
2546,52.9228592
2547,48.6110916
2548,51.5680809
2549,48.1936302
2550,50.4905014
2551,52.8927994
2552,51.9120903
2553,52.9780502
2554,52.0285606
2555,52.0136185
2556,50.3700409
2557,53.3460999
2558,51.0205688
2559,48.3945198
2560,47.8350792
2561,46.9557495
2562,47.5652199
2563,43.7555885
2564,48.7564507
2565,45.5760689
2566,48.0416908
2567,47.5445709
2568,50.0820084
2569,42.2990913
2570,53.5129509
2571,53.0382195
2572,52.5349312
2573,42.6523094
2574,36.1420784
2575,41.3561401
2576,37.8941383
2577,35.4595184
2578,27.7122307
2579,29.3317795
2580,27.0928993
2581,33.2799606
2582,22.9354496
2583,17.3083496
2584,16.78899
2585,43.1895905
2586,61.0713882
2587,68.4396973
2588,69.037178
2589,65.9520187
2590,62.2176514
2591,65.2992706
2592,64.7544937
2593,66.1601868
2594,66.286171
2595,61.8167496
2596,68.3504333
2597,67.7983627
2598,66.4187393
2599,64.8177338
2600,68.874939
2601,64.3916779
2602,59.08815
2603,60.6385193
2604,54.3965492
2605,51.6693993
2606,54.9673386
2607,57.7267494
2608,57.9786606
2609,50.0495911
2610,55.9374886
2611,49.7427483
2612,55.8220711
2613,56.6838684
2614,58.5153008
2615,53.3119316
2616,54.3505402
2617,53.1199188
2618,53.3338509
2619,54.2581596
2620,50.1489487
2621,49.813961
2622,49.8308601
2623,58.4388809
2624,55.6364098
2625,55.8781013
2626,55.9847412
2627,51.0939484
2628,49.4492188
2629,47.1994209
2630,56.0269814
2631,53.5441895
2632,55.4937592
2633,55.1824989
2634,53.0675392
2635,53.3158989
2636,52.2017212
2637,48.5286713
2638,40.9707985
2639,42.7736397
2640,56.4421501
2641,52.3766785
2642,53.3791389
2643,48.3625298
2644,47.8298912
2645,46.3402405
2646,46.9289818
2647,46.5339088
2648,47.0664597
2649,44.1315918
2650,40.5648918
2651,40.1468506
2652,37.65905
2653,41.3414116
2654,29.9884491
2655,33.6970596
2656,30.5462704
2657,38.8184319
2658,26.5710602
2659,25.6393909
2660,30.41325
2661,38.5802689
2662,51.8088608
2663,76.6018219
2664,70.6258087
2665,68.9844818
2666,68.811348
2667,58.8702316
2668,60.0663681
2669,67.8751373
2670,67.0681686
2671,66.7942734
2672,67.6444168
2673,63.1108894
2674,66.5970612
2675,64.2653427
2676,50.266819
2677,56.6677704
2678,65.1814728
2679,66.3634796
2680,63.6898918
2681,65.1278381
2682,62.287899
2683,55.7960587
2684,54.8321419
2685,50.4198685
2686,56.8488083
2687,56.309391
2688,58.9952202
2689,56.1621895
2690,55.3698196
2691,52.6069489
2692,54.7151985
2693,54.3228188
2694,60.4123192
2695,60.7768707
2696,59.9965897
2697,53.5264015
2698,52.2367516
2699,49.5751915
2700,50.1446419
2701,52.4303818
2702,51.2034798
2703,51.9827499
2704,54.5598717
2705,52.1368408
2706,52.0257111
2707,50.080349
2708,51.6932983
2709,53.6908302
2710,50.2610397
2711,54.7653694
2712,45.5705605
2713,48.96175
2714,44.3494492
2715,42.8550682
2716,53.3250809
2717,47.3442917
2718,49.7601204
2719,47.7168312
2720,48.4693985
2721,51.7422981
2722,51.4414482
2723,48.9748306
2724,44.9879799
2725,42.8993301
2726,43.6962509
2727,46.3536186
2728,42.4204292
2729,35.5571289
2730,37.6306992
2731,31.58325
2732,19.3997307
2733,31.068119
2734,23.9927692
2735,28.0484009
2736,26.3451309
2737,42.4957809
2738,61.892601
2739,61.7350197
2740,73.2602386
2741,67.1390991
2742,72.3808823
2743,65.0789108
2744,57.3073883
2745,66.4038467
2746,63.1905403
2747,66.4150467
2748,60.9346008
2749,58.0695992
2750,59.2890511
2751,61.5728989
2752,61.3281708
2753,61.0711517
2754,64.6715469
2755,62.1956215
2756,59.6511192
2757,51.1902504
2758,41.8460007
2759,43.7676315
2760,54.8585892
2761,54.9885216
2762,53.4195709
2763,55.1565895
2764,52.3119202
2765,51.5361786
2766,47.6759682
2767,55.8639793
2768,55.3493309
2769,54.1689911
2770,56.0929184
2771,53.8658295
2772,52.9517212
2773,51.4409599
2774,51.2731018
2775,52.1924706
2776,52.0292816
2777,47.2841187
2778,52.1982613
2779,51.4314117
2780,46.1515007
2781,48.5217781
2782,51.1481781
2783,48.8797913
2784,53.7537384
2785,48.0367889
2786,45.7930984
2787,44.8917313
2788,45.9464607
2789,49.3377686
2790,45.3064499
2791,46.1682205
2792,49.2924194
2793,48.4826813
2794,43.6382217
2795,43.5110092
2796,40.305439
2797,41.8306885
2798,41.9151192
2799,39.4232903
2800,40.1018715
2801,39.8515282
2802,36.8805809
2803,34.6701202
2804,31.9587498
2805,48.3666916
2806,25.8808308
2807,17.0598202
2808,32.9605904
2809,31.7947598
2810,28.6309299
2811,47.7994995
2812,59.4213982
2813,68.7225723
2814,61.1717186
2815,67.3589478
2816,60.0567818
2817,63.2525902
2818,63.8128395
2819,64.0088882
2820,67.1504135
2821,63.2124901
2822,58.0615616
2823,54.3211098
2824,51.9233818
2825,53.3920517
2826,55.1167297
2827,53.1368599
2828,52.8102188
2829,48.9557114
2830,52.6396217
2831,54.9311218
2832,59.2167397
2833,54.4135094
2834,54.1843109
2835,47.9402885
2836,54.7048302
2837,51.1347809
2838,54.5108719
2839,51.6532211
2840,54.9851418
2841,56.2558899
2842,50.5103798
2843,52.7093887
2844,52.9280586
2845,55.813179
2846,53.0737305
2847,47.6628914
2848,49.1563988
2849,52.5654602
2850,52.5866203
2851,49.7828598
2852,41.8318481
2853,54.9067497
2854,46.9191399
2855,40.3913994
2856,44.401001
2857,48.061451
2858,44.0851212
2859,47.2198486
2860,45.1472092
2861,42.07761
2862,46.7687912
2863,46.4472389
2864,46.8908806
2865,45.4407005
2866,46.8981705
2867,43.0082283
2868,38.2471619
2869,42.7736397
2870,39.7579002
2871,41.4771881
2872,42.4710693
2873,40.8305702
2874,29.6307201
2875,34.0848694
2876,32.007431
2877,24.8931999
2878,26.67486
2879,15.9973698
2880,42.0355988
2881,55.1862488
2882,44.5253296
2883,43.2914009
2884,57.3549309
2885,56.7371712
2886,64.1075134
2887,51.5355797
2888,45.675499
2889,44.9635811
2890,57.3258591
2891,60.214901
2892,58.3186111
2893,61.3248901
2894,60.9678116
2895,64.4513092
2896,70.3662491
2897,65.1826019
2898,44.9076805
2899,52.6779099
2900,56.6860886
2901,50.1516914
2902,45.3085403
2903,49.6029892
2904,54.8098106
2905,53.6228714
2906,55.2638016
2907,56.0346184
2908,52.7209015
2909,56.1911507
2910,53.7232895
2911,58.5435219
2912,55.3778801
2913,57.7501106
2914,53.8303604
2915,54.514061
2916,49.7408485
2917,46.7190018
2918,46.8854485
2919,43.8734398
2920,48.3682213
2921,46.832489
2922,48.3693504
2923,49.190609
2924,52.1823311
2925,50.4790993
2926,52.0270882
2927,49.5479584
2928,47.7242393
2929,43.1309509
2930,42.812809
2931,41.3118286
2932,45.9744186
2933,49.079361
2934,40.250721
2935,44.1304893
2936,44.9324684
2937,41.1534805
2938,43.2904282
2939,43.433239
2940,40.9525909
2941,45.3264084
2942,44.4887314
2943,45.6201096
2944,32.2514
2945,34.1644897
2946,20.3924694
2947,30.8832397
2948,31.9459
2949,52.0129585
2950,51.8125381
2951,48.8441391
2952,47.4426689
2953,45.8982811
2954,55.7889519
2955,81.7031326
2956,77.4915924
2957,72.3854675
2958,68.1780396
2959,58.4788895
2960,61.4075508
2961,68.8643799
2962,76.9407883
2963,71.5767136
2964,68.350853
2965,64.0523376
2966,71.1676407
2967,65.9432297
2968,65.8621979
2969,64.0536804
2970,59.7967186
2971,57.4200592
2972,54.5750504
2973,50.2162285
2974,59.2432899
2975,54.6451302
2976,57.5975685
2977,59.0751801
2978,58.5608788
2979,59.3345718
2980,58.2747612
2981,59.5299988
2982,55.1631012
2983,56.3166199
2984,53.9354095
2985,51.5209084
2986,49.8961411
2987,52.1212692
2988,51.1332092
2989,52.2917404
2990,48.8005981
2991,50.3347893
2992,45.7207413
2993,45.5710602
2994,42.8903809
2995,42.3182983
2996,43.659111
2997,44.0635414
2998,44.9913902
2999,50.2677498
3000,47.8137894
3001,43.7420502
3002,48.3044701
3003,39.1960297
3004,39.1242981
3005,41.078289
3006,40.6277199
3007,27.1384697
3008,40.6714592
3009,43.1185493
3010,51.6044006
3011,37.0436783
3012,35.3471184
3013,20.4073601
3014,33.1958084
3015,17.3673096
3016,25.9657402
3017,43.8884697
3018,47.6559792
3019,46.2644501
3020,25.2160606
3021,31.1240292
3022,45.6073914
3023,68.74086
3024,66.2729492
3025,68.2384109
3026,62.9417191
3027,65.7383423
3028,67.3576965
3029,64.993927
3030,69.1958694
3031,69.0323181
3032,66.9080429
3033,63.9534416
3034,56.9188118
3035,59.8333397
3036,63.4018784
3037,65.0397415
3038,56.5148087
3039,58.6782684
3040,57.3923111
3041,58.5011292
3042,60.4669914
3043,59.3676682
3044,55.1612892
3045,54.99049
3046,58.2056503
3047,58.2365799
3048,55.8378105
3049,51.5188217
3050,51.0595207
3051,55.1356888
3052,53.6113815
3053,58.4232292
3054,47.7304802
3055,49.4744186
3056,50.3849602
3057,50.2056503
3058,45.8482094
3059,37.1652184
3060,42.6189804
3061,40.2063293
3062,38.1045494
3063,36.3457184
3064,42.022789
3065,43.0911293
3066,46.8519592
3067,48.5680389
3068,48.8897095
3069,39.5621185
3070,43.8305817
3071,42.3639107
3072,45.6741714
3073,38.4805984
3074,39.2644997
3075,45.1175003
3076,35.9740601
3077,35.1244087
3078,22.5579796
3079,39.5731583
3080,41.9576607
3081,37.967041
3082,28.5067501
3083,32.3400116
3084,43.0907898
3085,54.3068886
3086,51.7034988
3087,45.5487289
3088,69.5465393
3089,76.5377502
3090,73.7936935
3091,79.9778671
3092,79.1096115
3093,72.2902527
3094,71.0133972
3095,67.6532974
3096,59.0507889
3097,56.4364586
3098,53.6642609
3099,50.78936
3100,57.7056885
3101,55.3040314
3102,57.5444298
3103,57.5454292
3104,53.5686607
3105,53.9093018
3106,52.5720901
3107,53.7721214
3108,54.8466415
3109,50.6734009
3110,55.8557816
3111,52.5223618
3112,55.5267715
3113,50.7168083
3114,55.2792091
3115,51.2142105
3116,49.0844498
3117,48.7637596
3118,48.7396011
3119,52.3847694
3120,49.4870796
3121,47.4281502
3122,47.8149414
3123,48.6314697
3124,50.4724007
3125,49.7808914
3126,49.7411499
3127,46.7082481
3128,52.4543304
3129,56.9877892
3130,57.1355209
3131,51.5676384
3132,49.588459
3133,49.3959999
3134,40.8697815
3135,46.6162605
3136,47.0885086
3137,41.740509
3138,27.2737503
3139,26.6454906
3140,31.7392006
3141,45.6617012
3142,55.7982101
3143,56.0834312
3144,38.7719994
3145,46.1670609
3146,50.3631287
3147,60.9548988
3148,80.5343323
3149,76.4136276
3150,73.2901306
3151,67.304039
3152,67.1271973
3153,62.5676613
3154,60.3090706
3155,60.4237709
3156,63.7022591
3157,63.9062881
3158,55.5340195
3159,56.2457085
3160,57.1791992
3161,55.9356689
3162,59.2932701
3163,56.4197998
3164,58.7094688
3165,59.7999191
3166,52.8706093
3167,55.1035614
3168,57.7812119
3169,54.9524307
3170,54.2131386
3171,54.6947708
3172,56.8692703
3173,51.5518417
3174,45.6568413
3175,50.8587189
3176,48.1283302
3177,49.9599495
3178,51.3186798
3179,46.4398384
3180,48.505909
3181,49.1714783
3182,47.5832596
3183,45.3737907
3184,43.2389297
3185,50.3280602
3186,51.7555695
3187,48.9179115
3188,53.6909294
3189,55.0827408
3190,52.882019
3191,53.1152191
3192,46.4553299
3193,44.9618607
3194,44.8917084
3195,40.9577789
3196,35.6649818
3197,32.5919304
3198,42.2826309
3199,65.5410233
3200,44.6445198
3201,41.9738197
3202,47.8955307
3203,44.5452614
3204,51.6389503
3205,74.9336395
3206,75.639061
3207,66.5706787
3208,68.391449
3209,62.3207817
3210,59.7719612
3211,55.0466194
3212,57.206871
3213,58.4939194
3214,57.9857101
3215,52.1082497
3216,59.1684189
3217,57.0182495
3218,61.4341316
3219,59.0394707
3220,57.6374397
3221,57.5521889
3222,57.5054207
3223,55.7243881
3224,53.9396515
3225,54.6188889
3226,58.4675789
3227,55.7585411
3228,53.3461494
3229,48.0609207
3230,49.9728699
3231,44.87183
3232,48.4495316
3233,45.5087204
3234,44.7915688
3235,47.5964088
3236,46.2785492
3237,47.1903114
3238,42.0106583
3239,48.0650902
3240,46.5298882
3241,49.0762405
3242,46.2064018
3243,46.6652603
3244,51.3739319
3245,54.5349503
3246,55.1759682
3247,60.2669983
3248,50.820179
3249,46.5685883
3250,45.0609283
3251,35.4300919
3252,39.1957207
3253,25.4295807
3254,50.7925797
3255,55.3447113
3256,54.3899384
3257,41.9786987
3258,74.6787872
3259,49.2714615
3260,37.2163506
3261,55.8504486
3262,71.6467438
3263,67.2148285
3264,60.351429
3265,61.7523308
3266,60.2235909
3267,60.3098717
3268,60.5851517
3269,61.4150009
3270,60.2957382
3271,57.6719589
3272,58.396389
3273,58.9542198
3274,58.8091011
3275,60.8861885
3276,61.0705795
3277,60.3231506
3278,55.1971016
3279,57.4015694
3280,53.3383713
3281,50.8284492
3282,52.5559807
3283,47.5458603
3284,47.3986816
3285,50.6627502
3286,43.4909515
3287,40.7925606
3288,46.9670601
3289,46.2028313
3290,46.6116219
3291,43.6121712
3292,48.147419
3293,48.5735893
3294,54.3519287
3295,51.88731
3296,54.1831894
3297,54.9141808
3298,52.0161209
3299,52.6593018
3300,56.5396118
3301,47.2696495
3302,44.778511
3303,46.9781113
3304,33.2311211
3305,35.8709297
3306,29.2913094
3307,66.2957382
3308,46.4789581
3309,59.8082504
3310,63.2582817
3311,60.576149
3312,59.4821091
3313,28.8655891
3314,22.2653294
3315,43.4258995
3316,49.1148682
3317,68.5995712
3318,61.4683189
3319,59.3533287
3320,58.7516403
3321,56.9230118
3322,58.6586418
3323,60.442131
3324,59.2052689
3325,63.1221199
3326,56.301899
3327,60.4235802
3328,57.0381317
3329,60.5820694
3330,64.6426773
3331,62.2627716
3332,59.8614197
3333,52.8033409
3334,52.1362686
3335,52.6291504
3336,51.0007706
3337,44.8437195
3338,47.859211
3339,44.8340683
3340,42.8676109
3341,47.3865891
3342,44.8632202
3343,47.9685211
3344,46.4822807
3345,52.7297096
3346,54.3238106
3347,52.0284195
3348,54.1458588
3349,53.7494698
3350,58.5984497
3351,62.7833519
3352,60.1980019
3353,52.8538094
3354,43.3741188
3355,32.9272804
3356,34.1871185
3357,27.5715294
3358,66.0201492
3359,62.058651
3360,51.7169609
3361,55.93993
3362,47.8282585
3363,56.9967003
3364,48.2047195
3365,35.0194016
3366,35.7107086
3367,31.3496799
3368,45.769619
3369,61.9087181
3370,64.6181412
3371,66.2993622
3372,64.9520493
3373,62.6717491
3374,59.0387688
3375,60.3062592
3376,56.2748718
3377,59.2899208
3378,59.4488106
3379,55.339489
3380,56.3889999
3381,53.4767303
3382,51.8360596
3383,50.5513916
3384,49.016449
3385,46.7664413
3386,43.3899612
3387,46.5898285
3388,48.2476883
3389,44.6867714
3390,47.1811981
3391,43.8970413
3392,44.8482704
3393,46.4591293
3394,50.8098297
3395,48.4184189
3396,51.5339699
3397,58.7456284
3398,61.3033409
3399,66.2859497
3400,68.2440796
3401,38.0252495
3402,34.5369987
3403,35.5017586
3404,29.0724792
3405,23.2850609
3406,51.5988617
3407,46.2406616
3408,48.3727913
3409,49.5145302
3410,55.9503708
3411,55.8770103
3412,41.1666489
3413,22.4465294
3414,43.9406509
3415,30.2333603
3416,43.5601616
3417,51.0493088
3418,57.35009
3419,55.6158981
3420,57.7780991
3421,49.2586288
3422,49.7444496
3423,51.2162018
3424,48.5684395
3425,50.4517899
3426,51.6978416
3427,49.7244415
3428,45.1392212
3429,45.7308884
3430,45.0404015
3431,40.2199898
3432,40.6280899
3433,42.7129517
3434,44.8434105
3435,47.0919304
3436,48.9354897
3437,47.789341
3438,51.8616791
3439,55.0628815
3440,55.0008507
3441,53.3145485
3442,51.2246208
3443,46.8597984
3444,45.9611816
3445,30.2740307
3446,20.9769096
3447,21.3336201
3448,19.1350193
3449,17.2510204
3450,15.2984896
3451,49.3164711
3452,44.1227493
3453,44.8326111
3454,44.7874413
3455,42.5128212
3456,46.3427086
3457,45.1925812
3458,45.3931694
3459,52.5136604
3460,63.3303795
3461,50.7704887
3462,53.1533508
3463,58.7834511
3464,55.6753006
3465,46.8196487
3466,48.9980011
3467,59.1059685
3468,51.6136284
3469,48.7322693
3470,50.3790398
3471,56.8336487
3472,45.8861618
3473,42.06213
3474,38.6539001
3475,29.8403301
3476,40.8759384
3477,46.0697403
3478,43.3819885
3479,42.4039116
3480,47.5668297
3481,50.7312508
3482,53.2488594
3483,48.3986893
3484,54.4879494
3485,38.8373718
3486,29.7005806
3487,30.2134399
3488,19.5617809
3489,15.0989304
3490,21.7864895
3491,26.6694794
3492,52.7006989
3493,52.0123482
3494,60.5288811
3495,51.6393089
3496,58.0015717
3497,62.5303688
3498,44.5841217
3499,50.9609795
3500,57.643959
3501,55.6487694
3502,58.6714897
3503,57.2064896
3504,53.5615692
3505,54.1084404
3506,37.9853897
3507,40.4901314
3508,36.0720482
3509,36.8139
3510,40.590519
3511,41.5792694
3512,41.110939
3513,43.7085991
3514,46.4822617
3515,40.8576813
3516,43.9768982
3517,46.3242798
3518,50.1886787
3519,53.8073807
3520,54.1740189
3521,46.3726006
3522,32.7121506
3523,10.9396095
3524,18.3518391
3525,29.2028904
3526,18.2572994
3527,24.4696693
